type,id,created_at,author,text,url,compound,pos,neu,neg,label
tweet,1990482226572824806,2025-11-17T18:08:38+00:00,btbytes,"@FelixCLC_ @ShiboChenTech Correct^2. everyone wants to dunk on Python, no one wants to write FORTRAN.

Matrix knowers wouldn't hesitate to write Fortran.",https://x.com/btbytes/status/1990482226572824806,-0.0992,0.076,0.833,0.092,negative
tweet,1990482148537806859,2025-11-17T18:08:20+00:00,Marn052022,@lukecodez It was python,https://x.com/Marn052022/status/1990482148537806859,0.0,0.0,1.0,0.0,neutral
tweet,1990482130229735875,2025-11-17T18:08:15+00:00,_dee_man,"Data on the left, python on the rightüò≠ https://t.co/5n0k58VUCH",https://x.com/_dee_man/status/1990482130229735875,-0.4767,0.0,0.78,0.22,negative
tweet,1990482038307295569,2025-11-17T18:07:53+00:00,BradleyHar43600,@aurora_zate Python/Rust tooling means you can test encrypted logic like normal code,https://x.com/BradleyHar43600/status/1990482038307295569,0.3612,0.185,0.815,0.0,positive
tweet,1990481995890368542,2025-11-17T18:07:43+00:00,whysidzntx,"@Python_Dv 73
The most easy one till now",https://x.com/whysidzntx/status/1990481995890368542,0.4927,0.313,0.687,0.0,positive
tweet,1990481855259324747,2025-11-17T18:07:10+00:00,AjaySinghTeoti4,"Day 14 | Question 3: Find the subarray with the largest sum (prefix sum)
Solved in Java and Python

Building from here

#DSA #Java #Python #CodingChallenge #DailyCoding #CodeNewbie #ProblemSolving #LearnInPublic https://t.co/A4D65iyJoe",https://x.com/AjaySinghTeoti4/status/1990481855259324747,0.2732,0.065,0.935,0.0,positive
tweet,1990481844337524774,2025-11-17T18:07:07+00:00,feross,"4/ This is deep static analysis built with researchers at Aarhus University and based on our experience bringing accurate reachability to JavaScript, TypeScript, and Python. Ruby‚Äôs weirdness doesn‚Äôt scare us‚Ä¶ we modeled it.",https://x.com/feross/status/1990481844337524774,-0.6249,0.0,0.859,0.141,negative
tweet,1990481843494515189,2025-11-17T18:07:07+00:00,PratikBabar27,"üöÄ Hey @X algorithm, I'm looking to #CONNECT with people interested in:

üé® Frontend
üíº Backend
üë©‚Äçüíª Gen AI
‚ú® Full Stack
üßë‚Äçüíª DevOps
‚úÖ DSA
üß† AI/ML
üß± Web3
üìä Data Science
üí∏ Freelancing
üêç Python
üî® Startups

Let‚Äôs grow, learn &amp; build together! üí™üî•",https://x.com/PratikBabar27/status/1990481843494515189,0.5093,0.104,0.858,0.037,positive
tweet,1990481804407812562,2025-11-17T18:06:58+00:00,thefruitfu31824,"@_devJNS PHP and Laravel
Ruby and Ruby on Rails 
Python and Django",https://x.com/thefruitfu31824/status/1990481804407812562,0.0,0.0,1.0,0.0,neutral
tweet,1990481692289871960,2025-11-17T18:06:31+00:00,jeff_gorrill,@TheVikingDane This is turning into some kind of Monty Python sketch.,https://x.com/jeff_gorrill/status/1990481692289871960,0.0,0.0,1.0,0.0,neutral
tweet,1990481681514393747,2025-11-17T18:06:28+00:00,TaconRicha61435,Look like a scene from Monty python https://t.co/2JhkwyzZjl,https://x.com/TaconRicha61435/status/1990481681514393747,0.3612,0.263,0.737,0.0,positive
tweet,1990481391709270236,2025-11-17T18:05:19+00:00,akratos_god,"@dataguybobby This is interesting, I am a full-stack developer with good exp of Python also.
Let's have a discussion!",https://x.com/akratos_god/status/1990481391709270236,0.7088,0.257,0.743,0.0,positive
tweet,1990481308049682490,2025-11-17T18:04:59+00:00,vivekxarkar,"2025 job hunt shuru kar diya hai 
Actively looking for SDE / Senior SDE roles
Skills: [Node.js / React / Python / Java / etc.]
Pref: Bangalore / Pune / Hyderabad / Remote
Tag companies &amp; recruiters please 

#JobHunt #100DaysOfCode #DeveloperJobs",https://x.com/vivekxarkar/status/1990481308049682490,0.5574,0.106,0.894,0.0,positive
tweet,1990481283466866773,2025-11-17T18:04:53+00:00,tarmo888,"@_devJNS Never liked Laravel for PHP, preferred Yii or Slim.

I didn't like Django for Python either, but don't know if there is anything better.

Always rolled my own framework for Node.js.

If I had to make a back-end now, I would probably look at what's available for Go.",https://x.com/tarmo888/status/1990481283466866773,0.3877,0.073,0.867,0.061,positive
tweet,1990481158480830906,2025-11-17T18:04:24+00:00,AcademicBe88631,"Need help in your assignments due?
‚àöBiochemistry
‚àöPay someone,
‚àöCalculus
‚àöEnglish 
‚àöessaypay
‚àö#Maths
‚àöStats
‚àöEssaydue .
‚àöChemistry
‚àöNursing
‚àöjavascript.
‚àöStatistic .
‚àöEssay help
‚àöFinance
‚àöAccounting
‚àöSPSS
‚àöPython... https://t.co/WcJd8Izzmx",https://x.com/AcademicBe88631/status/1990481158480830906,0.6597,0.172,0.828,0.0,positive
tweet,1990481096711061842,2025-11-17T18:04:09+00:00,ismaildcan,"I‚Äôm slowly improving my Python and SQL skills.
I learned basic concepts, simple queries and how to work with data step by step.
It feels good to understand more every day. Still a long way to go, but I‚Äôm moving forward. üöÄ",https://x.com/ismaildcan/status/1990481096711061842,0.431,0.088,0.912,0.0,positive
tweet,1990481034178343164,2025-11-17T18:03:54+00:00,DontdoYawa,"JUST IN: 
The young Ghanaian guy who was seen in a viral video with a big python... Full Video of how he was able to single-handedly k!ll the snake is in the comment section. https://t.co/KNKANPwjvn",https://x.com/DontdoYawa/status/1990481034178343164,0.0,0.0,1.0,0.0,neutral
tweet,1990480972656074757,2025-11-17T18:03:39+00:00,AnalyticSages,"Ready to Go Beyond the Basics in Python? 

The journey continues! Python for Blockchain Analytics 2.0 is still open for enrollment.

Take your skills to the next level and learn to:
‚Üí Automate complex data analysis
‚Üí Build custom tools for blockchain research
‚Üí Create advanced https://t.co/ysiW3amnyn",https://x.com/AnalyticSages/status/1990480972656074757,0.7088,0.135,0.865,0.0,positive
tweet,1990480955065450648,2025-11-17T18:03:35+00:00,jkarpin2,"Let‚Äôs use bp_rp and LogG and display two different views of a LAMOST DR11 field [planid] using Python 

#astronomy #astronomer #astronomers #Astrophysics #astrophysicist  #LAMOST #Python https://t.co/5hZLVZnOEh",https://x.com/jkarpin2/status/1990480955065450648,0.0,0.0,1.0,0.0,neutral
tweet,1990480830943408535,2025-11-17T18:03:06+00:00,imvivek009,"2025 job hunt shuru kar diya hai 
Actively looking for SDE / Senior SDE roles
Skills: [Node.js / React / Python / Java / etc.]
Pref: Bangalore / Pune / Hyderabad / Remote
Tag companies &amp; recruiters please 

#JobHunt #100DaysOfCode #DeveloperJobs",https://x.com/imvivek009/status/1990480830943408535,0.5574,0.106,0.894,0.0,positive
tweet,1990480815814562156,2025-11-17T18:03:02+00:00,SuperFastPython,"Use ThreadPool without the 'with' statement for custom lifecycle control
#Python #Concurrency https://t.co/mhXVq0kqP3",https://x.com/SuperFastPython/status/1990480815814562156,0.0,0.0,1.0,0.0,neutral
tweet,1990480739310449083,2025-11-17T18:02:44+00:00,RailwaySeva,"@python_7465 For necessary action escalated to the concerned official @Drmcrngp 
We will require your mobile no. preferably via DM.  You may also raise your concern directly on RailMadad WhatsApp Bot  https://t.co/BoZqjybg4E

 https://t.co/utEzIqB89U",https://x.com/RailwaySeva/status/1990480739310449083,0.0,0.0,1.0,0.0,neutral
tweet,1990480694196253111,2025-11-17T18:02:33+00:00,elide_dev,"Kotlin on Elide skips the VM entirely.

You write #Kotlin. We compile it AOT through #GraalVM.
It runs like #C, interoperates like #Python, and deploys like #Rust.",https://x.com/elide_dev/status/1990480694196253111,0.7579,0.238,0.762,0.0,positive
tweet,1990480693743218920,2025-11-17T18:02:33+00:00,ArrozFrito_12,"""my python code is so efficient"" nah fam your C/BLAS Code wrapped in python is so efficient.",https://x.com/ArrozFrito_12/status/1990480693743218920,0.7618,0.316,0.611,0.073,positive
tweet,1990480656011325905,2025-11-17T18:02:24+00:00,AllSparkTech1,"And to check the shape of a variable:

```python
print(mat[""varname""].shape)
```
 ‚ú® Why This Matters

If you're transitioning from MATLAB to Python or working with shared research data, this trick saves time and keeps your workflow smooth.

#PythonForDataScience #MATLAB #SciPy",https://x.com/AllSparkTech1/status/1990480656011325905,0.5499,0.135,0.836,0.029,positive
